filename,image_base64
imageshandwritten0/9034.png,iVBORw0KGgoAAAANSUhEUgAAABwAAAAcCAAAAABXZoBIAAABAElEQVR4nGNgGGhg/P9fJgcjVinG9Jt//944Nk2FF4uk/F8o2MSPKVkLkni87fbfvxswZNUe/r3yd6osg8Tyv39N0eT83/7dprzGGsjS/vv3AJrWyX//5jLIywFZTCv//lVG9cXLv99h7GV/vymgSO79+3ctjJ3/dxWKHO+Zv3/1ETpRJc3+/r3LgZAMQJFM+vt3MozNcwzVKwIX/v6Nh3E6/x5iRZZUAYaNLEzjqb97GHBJHv/7owBFUvYdXDLhz98dDKhgNUwy5fvfk5Jokn5//85lYTANWff1708PNDkGjmN//y4q+AiKtFh0OQYGvfadf3e3L1oULYg9mdALAABEAn1EqerTcgAAAABJRU5ErkJggg==
imageshandwritten0/41286.png,iVBORw0KGgoAAAANSUhEUgAAABwAAAAcCAAAAABXZoBIAAAA1ElEQVR4nMWRrReCMBTFl8mSqVrVKtmKVTPVQ5VIt/oHUDFTNWMEKkTIGN8dTsCPsWW9K3fnd+727nmM/Vmmd+WRqWd2AgIVjhbmKF075thomI/0GYqomCjMq3nQmZhnao4yo3Mr0ExmS3C4g98hkeFCzLkavFU1UyX5viTtXEm+fjILyPD7T6seJa0KdPy8IkPRDnlfha1xlwd6tosGeKUDG4kj7I3P6zFjAfXtxKx7BbJbm4ldznLEKmMOKHHDBqm6FKEzWnFK/bKNbUaXkzb3Oz0AyNVtTvNZd6wAAAAASUVORK5CYII=
imageshandwritten0/54089.png,iVBORw0KGgoAAAANSUhEUgAAABwAAAAcCAAAAABXZoBIAAABBElEQVR4nGNgoCNQ238RhwzntJ1//63HJsPIFrfh37+fa5SwSRrd+vfv82UWrEa6/f73798lQ2xSgnvf/bvV/vXflxwMrVxG7/693cPAYJL35l8VhnX//r2xBTF0lv8tRJNzf/fvkSCEGflvI6pc9dd/V6FyDOK/fVDkBK79O6oG49j8RbGTa9a/ZwYwDlvpvxXIkj3/1nPCOU7/PuogyXm8PqIB55ju+HdCHyEneu9fOpTJJ+N2/N+/NCSNof/OKIJoxfZ11///+/cumQlJcu2/f0ubHZZeefkPBPoVUPwxBST2FyzzYJoHI2oA2JyFSOwt9mFlwAA8amoevWpi2KNxEAEAsFx2LFyojyAAAAAASUVORK5CYII=
imageshandwritten0/56724.png,iVBORw0KGgoAAAANSUhEUgAAABwAAAAcCAAAAABXZoBIAAAA1ElEQVR4nGNgGGjgst+VEZec4b1//44vYsMqF7TyHwhs5MYiJ/Hq39/Vq3f++zcVi6TOp38pDAwslt9/+GJKev1/KweiL/1rxJSs/tcPptv/bcKQYz/yRR7McPl3AUPS4/97CEMJi7FN/9ZDGHOxSppAGB/+RWKRjAbTxj8+iWKRbANRCtf+JWHIMfRDJM3//XbAlDwNlvR48K8UU46h6f8zDsawW/9OcWCT/Pdv/dx//x6JYJFjqAfH11lvbHIMXNv+/fvbKoxVjoGBL+2pHQ4pOgIAV2Vcb9ncALEAAAAASUVORK5CYII=
imageshandwritten0/53537.png,iVBORw0KGgoAAAANSUhEUgAAABwAAAAcCAAAAABXZoBIAAAA6UlEQVR4nGNgGHBg9ePflUhckm4//v79ZY9VijUuvvzD37+vKrHImSz4+++v7aa/f69iyrm8+vv3/i5hm/d/v3qhy2m8/PvruDKQkfb37wF0Se+/f2+BGaIX/j5Ck9N++veeOoS5G0Ny4t+/sQy4JE/ikQz89+8alKlw5/8TFDmPwL9/w2Be+ouu8+TfsxxwU/9mo8gFfP97HMp0/fr3Nj+KZNxfmKTk0b9/N6Ka6v0VJnkQGLTo0XLt75uZmkCw4uvfzxZocgxVwIgEgv9//35NQJdjYDgElfy4GFOOQWEyWPIILxY5egIAHRSCkPNu4iYAAAAASUVORK5CYII=
imageshandwritten1/44046.png,iVBORw0KGgoAAAANSUhEUgAAABwAAAAcCAAAAABXZoBIAAAAaUlEQVR4nM3SwQ3AIAgFUBdxEBZhEPZgEQZxEBb5pfZmgFvT/sTTC1+NjvF+VGszAFQYh4FLY/K8eDoCJO+122JcMiR6uq0+cIvSof1tUvt7osOVA83BWryZYseB5efG08R2VqzqP3ydC22SRP8qzakjAAAAAElFTkSuQmCC
imageshandwritten1/53904.png,iVBORw0KGgoAAAANSUhEUgAAABwAAAAcCAAAAABXZoBIAAAAWklEQVR4nGNgGMzA6H8rE05Jg19/m5lxym75+9ccp2TF378NOCUz//7dw4ZL0uLv309aeCQ34zQWKFmOTxKvTrySofgkcQcC+ZKL8EniDXgaSVb8rcOdTqgGAOlBNiY4C3OVAAAAAElFTkSuQmCC
imageshandwritten1/54329.png,iVBORw0KGgoAAAANSUhEUgAAABwAAAAcCAAAAABXZoBIAAAAiElEQVR4nGNgGOyg4u9fnHK6D18m4JTs/bMCt6n7/5SBqFRscj7/jzLglHz4dzVOQ2VffbHAKdn25yFOOYWnf4twSlr++ROBTxKnHMPcP9Nxygnc+CsDZdpjSGb8eSkGZRZiSG7608SAU/LvKTbckv+OwpmY3v07Ec5Uw5Q8giGEADPxSVIRAAA6Hi19tFLGbQAAAABJRU5ErkJggg==
imageshandwritten1/50918.png,iVBORw0KGgoAAAANSUhEUgAAABwAAAAcCAAAAABXZoBIAAAAh0lEQVR4nGNgGOSAqef/FWFcku1///5VxSV54O/f70o45Ayf/P0bh0NO+fHfv3sEcUh6//37SQuXjVv+/t2MS47rEB5J57d//0bjklzw6u8aflyS6/7+tcUlx3v07xk+XJIhf1+74ZJTeP/3KC45BrW/5EpOwye5kIBkN05Jjb8r1HBKUhMAABxIPqAUptZNAAAAAElFTkSuQmCC
imageshandwritten1/23703.png,iVBORw0KGgoAAAANSUhEUgAAABwAAAAcCAAAAABXZoBIAAAAjElEQVR4nGNgGCTgTTxuOYH39bglj/wNxCXFVPLvviguSeG//7RxyXFv/5eES45n8t+tOB1T+PcBNy45h58P5HHJKT75W4FLTmHV/x5cchxr/i7jwCXZ8HcRLy65oK/nNHHJSd/4YItTbu+/+bjkWPb9m8aJS3Ld3zViuORcPn4QwSXHEP9ND6ccfQEAMH8rNkjiluQAAAAASUVORK5CYII=
imageshandwritten2/13522.png,iVBORw0KGgoAAAANSUhEUgAAABwAAAAcCAAAAABXZoBIAAAAm0lEQVR4nM2S4QkDIQyFHeQGcQ+NgzhGj+6he2gHuTXCS+spR6ER/x00QQh8vOSRaMy9EeobgQJNIXhktpplwZFyEgho+4UJfEq88wVOSY+rXZRdwe8o8MK3YAHB8R7lAk7dUn0RbVSlaBb7bkt7ekNPyJV6Q03x8G5cZuKxTaTzNoI8Ufa0Zuek/OQxsZeqr/WuON+dTj7Df8QH6aJylYeB2roAAAAASUVORK5CYII=
imageshandwritten2/45825.png,iVBORw0KGgoAAAANSUhEUgAAABwAAAAcCAAAAABXZoBIAAAA30lEQVR4nGNgGFAgHb7o79wD+1OZMKXYot/8AYK/f/6sFMeQdAJJ/Vk2a/OfP00Yku/+/Hlbqc7EwGz25FceuuSnP6v0ICyOw9tZ0STtYnlgzKV/bHA7W+1RM25JhmPHcMsJXv+IWzLjDzZJ0ZL9/yeLMm/8W4YhJVFxHxRC99r/PBVAl4t6AA2+P3+WoMtp/vzz+3KlhAlQ7po8mpzY1z8vYxkYJJdjkWNI+fPHj0Gg+h7Q2EoM16T8OSNQeABo5pVmfiySYPCyDYsPIZLv1xtjk2Ow+PHnzyFprFL0BQCGZHV6kVOHYgAAAABJRU5ErkJggg==
imageshandwritten2/16403.png,iVBORw0KGgoAAAANSUhEUgAAABwAAAAcCAAAAABXZoBIAAAAzUlEQVR4nGNgGGAg3718/79zXVjlWFf9A4E/W7HIsS/792JpZmb7v9/bMCVnvej0BlJsc/799sSQXA61TOffvymYWvkhlOW/f9m4nCxx8999XlySCf9+p+CSM/j+bycuOYbN/95Z4JJz//d/Ji45sSv/7grgkpvx718SVhmJqHVv//87xoxFiiP5NTjYv65eaYsup7bhHww8Rw+f8mcg4S9Hez7++/cqGk1yKkjujB0Dg/3rR7Hopm4DaigTBLEEFTCcs+FfCx9239EbAAC4TGX51uX5uwAAAABJRU5ErkJggg==
imageshandwritten2/34385.png,iVBORw0KGgoAAAANSUhEUgAAABwAAAAcCAAAAABXZoBIAAAA/UlEQVR4nGNgGGggFdP79O8nGywy7JYTPv/98+fP3wu8GHJqZ0ASYGyBbuC0t2CJx90fMCQFbvz9+//v34/TGRge/bsniSqZAdL1IVcfyHz49wiaqb1AyUPaYObDv7mYkqcgbvT5+TcETZK3sBDq/sl/36thejO1Is6SnYHh6J+HmHKyr4BeOb0z7wM2yTZoAPzBJnns77+/f8H4U68OuuRRoD+P3IXoflCOKXldWHIp1OidMiiSk0EBbvzxz5/pM0EKXhkhS6q9g9iZxcDb9fDXv783BJBlp4HtuyYMYtc+eXxBDFlS8gZQ8ksghCMvjxbhMtf//FmP6Uc6AwBli6t4/IAhEQAAAABJRU5ErkJggg==
imageshandwritten2/39421.png,iVBORw0KGgoAAAANSUhEUgAAABwAAAAcCAAAAABXZoBIAAAAp0lEQVR4nGNgGOJAzn3qJGGsMqbznnz49+/fOaySD/9BAFbJGf/+PZiyDYckb9Odap5T/77gcI/U/pX//tbikBRc8+/fJxxyqnv//ftoiF0u4du/f29NsErpb/4L9MZjDHExQ7uEzT9BXryiiCKhmDnvydsfQPH/QHyED0Vu30dosPx7tLM6QxDVRKjM+53u/JjOOAeU+fl4szxWNwrH9KUYY/fZUAIAyPJheh353MsAAAAASUVORK5CYII=
imageshandwritten3/56657.png,iVBORw0KGgoAAAANSUhEUgAAABwAAAAcCAAAAABXZoBIAAAA9klEQVR4nGNgGGAg2zRt2uL/p12xSNltffEXDN45ocmw5L749ffbzZat7kXdf2ehSUr//ftyVRyYGfz3mzyqJG9NjTGUeefv31gcjuKc/O3vN1nscoab/v79aYVVSrIa6OCjSZgSjPJ5TU///n2syYJFlwDEkx+D2LBIJv+FguOKmJImG65caczNXfzw731RFAleCQRb+PXfYmQ5nv3OSDyfvzOQJeP+9iLxRP9+RpY0+PA1gB3GYV+OKslQ+PfvMhUI0/fo378TUSRF1/79+/ZWc3Fx863ffw8WsKJ5ZALMl/eXcGH4klWvc/3lvQei9cQwpOgLABixeMXdw+nkAAAAAElFTkSuQmCC
imageshandwritten3/9739.png,iVBORw0KGgoAAAANSUhEUgAAABwAAAAcCAAAAABXZoBIAAAAzElEQVR4nGNgGFiQNevf/3///v2fpIwhZTTn918oOIkh2QQUPbpx48YLf/9ewZBUqPS2FQTSBq+xSMJA9d+/B3FI8Uz/8feXO1YpyaYTf/9eikUX5s8Hgns/gY66IIahZx7MG3+nYRrYBpd85YghyeUCAnGXgLLPNXA4livmPdBgThyyDGaf/v71xyXJkIEefPIZUbglD//92YpTcvPfv7+Od7NjlxTf/AHoh12bN2/O3HwRM8ocN36GB8PbSgxX2pS8h8hdkMTpEzoAAETujM/fi2WeAAAAAElFTkSuQmCC
imageshandwritten3/14456.png,iVBORw0KGgoAAAANSUhEUgAAABwAAAAcCAAAAABXZoBIAAAA3UlEQVR4nGNgGMSguOzplv8bytwwZXo2vfoLAV9D0OX0P/yFg8OCaJIWQMHj3ra2tj1AhhmapFBQUBATkGbRxCIJAmz206cvAsqdEcMimQ+1cxU2r3yFSv4uxJQrgzv3uzOGpGT2xb8b9I13/Pr7twCLuRIuQkDS8enfT1hCCQru/P2bgEuO+S4eyVV//740ROJPPiEJY1oD5f7OQVb86m+NNITl+h4oN4sLWfLE3783y+yBYDEo3vbwoFgjewoRYS/nGKM5wu3FN2jQzTJkwAT+NUCpGyUZuPxARQAABGuS314f2VEAAAAASUVORK5CYII=
imageshandwritten3/20626.png,iVBORw0KGgoAAAANSUhEUgAAABwAAAAcCAAAAABXZoBIAAAA1UlEQVR4nGNgGFAgrXbp799/k9mwybm8+QMEf/9MYsaU4zwOlLpndenPHy5MSXGg3Al2hn6skvp//txVYsAh2fLnTyyQ2oZV0v/jaW4GBqu/f35gkQQDvkd//7Thktv85+9pHhySukB/7sIhxyBy6u//ByZMOGQlnv3980cdl141YAjdUcYl63r6z5+1arhkTT7/+bMEU1ieA0xF/vzzUhBdTuF6NZjmAmoVRZPju/Xn7KxZs2bPAkbrMU40SbZOaGT/+fPaCdNOqbCFYMlJDrgcSw8AAKcybB98dw17AAAAAElFTkSuQmCC
imageshandwritten3/35180.png,iVBORw0KGgoAAAANSUhEUgAAABwAAAAcCAAAAABXZoBIAAAArUlEQVR4nGNgGI7A1H7Wkn0JWCTY1efd+/n/56OvN9gwJa3+/TtZ4WzO/XIPH6Ykox8LEwMD9/W3kThtzfjXjFNO5tsmcVxyCtuniqiaxYWxYpM88q/3yuvXb/5Nxia59eiaeDMGrn83sEmyg81jXItVEgIY117CLcn1rwK3ZMonaZxyYmc24dbYc1cWt+T+KTilGDuem+GU5P9XjFOOfc4pEZyS8oeMcbsGHQAAtT404d944MkAAAAASUVORK5CYII=
imageshandwritten4/32802.png,iVBORw0KGgoAAAANSUhEUgAAABwAAAAcCAAAAABXZoBIAAAAsklEQVR4nGNgGJqASd3nYAmQ5u/Tx5SM/je/1BxIJ78Wx5Rc8S8LTE96r4op+eSfNZg+/y8Qi+QtfhCl++mVKIac15+zYNrm3wZMjen/ukCU1IR/3ZiS+/4lMjBY1D/69y8bU7Lz37rIG9///fj3jwtT0vHnv3//7ixw/v8fiyTDxEWL7EUYxLDqhAK/f2dYcUo2/ZuDU46QpCkeyWsCeCQP45YjIPlWCbek7OpePFqJBgBBp0QSyH0E2AAAAABJRU5ErkJggg==
imageshandwritten4/25184.png,iVBORw0KGgoAAAANSUhEUgAAABwAAAAcCAAAAABXZoBIAAAAvUlEQVR4nGNgGALAezsfTjmhI3+wSdb7gMiQP9gkte/+AVH3sUq2/jkPJLN+/GlhwpAT+PAnnYGBqf3PjwxMjW1/QJL8f/70Ycpxb/hzkY2BweXPHy8MOasTf/58PNiqu/nPO1sMyUV/QOAvEG/EkDN68/fvrKlT///9+3cTuhzv0z9fCpkZGBr//Lnfji7J/+d7JYjO/POnBcNUjpY4ML3uzxc3TI9Awd8/b3HKASVv45OMoInkDRXcktQCAHlrWv7BzPujAAAAAElFTkSuQmCC
imageshandwritten4/12058.png,iVBORw0KGgoAAAANSUhEUgAAABwAAAAcCAAAAABXZoBIAAAAv0lEQVR4nGNgGMzAtwK3nNT3rzjl+Lf8acEpOfPPjyCcGg/9aQUzhJwtMSTN/ryQATOW/rmCLqe3789DsAHBb/7sR5cM/POjGeTiLX/+/PFHk9N/9qeNgYGD7wNQ7q4imuS0Pw/UGDiO/AXK/WlAN/XaXzD4D8TVGG41XQvSczh41Z8/ppjeZJcqmyDFw/DhzxY2TEko+PCnEaecwufHsjglK//MwymHX/LMnxWsOCXX//mjjlPS8muLMG5zqQQADv9UGbOB3RAAAAAASUVORK5CYII=
imageshandwritten4/48608.png,iVBORw0KGgoAAAANSUhEUgAAABwAAAAcCAAAAABXZoBIAAAAnklEQVR4nGNgGHKAOXcfCp/9QDqC4/z3mxmSnNLJv03Ikn83IkkW/SVF8pQaiuRqMThv09+/F3RRJP86wnn//v7dxQvn2b1EkfwP5C0RBDP54+M/AXl/2+CS7SDuxgUgsO4vFCA7CB08gEuqT32GLomwk4HBqRUq+DgkJGQ+miQDmyAE8APZse/RJFHAZnySpt+XCeOUZOBgwS03aAEAz+N/dqCFC/MAAAAASUVORK5CYII=
imageshandwritten4/53873.png,iVBORw0KGgoAAAANSUhEUgAAABwAAAAcCAAAAABXZoBIAAABA0lEQVR4nGNgGPQg5fD/t7LYpTz2/vx7vFgUm5TMtn9/v9xuscUml/bh75P8hr//PihhSBnf/fevQ4n37r/p946iSXE2ff93SJ2NIfHvCga9R/Yocprr/v6dxAJkTP47g4FBlBdZTunp3y9xYNazv65oZub8+3dcEMxy+/fdCEWKd+vPN3O5IeyZf5+h6pv4928ojL3q7yxUyYV//552gbL//e1Es7Ltxr9//zYtXOSnZvzvXxeaJAN31NoXf//++/v5+7+/B/Qxw0fSrLOr8+q3f3///v14vgpDGgR2/Huz4Mm/v0ewSu78NwVIhgri0FmMVRwEhD/gkYz++88ApyTVAACFHXOaqinxFAAAAABJRU5ErkJggg==
imageshandwritten5/10412.png,iVBORw0KGgoAAAANSUhEUgAAABwAAAAcCAAAAABXZoBIAAAA90lEQVR4nGNgGNSAi0FBQV8CiwR/+q5zd8/9+/t3PYaUwswXQPG/f4HEXnS5zK9///5cmxcfH2VkzoMmx3j4368iSRwOMf77NwGnK/P/XmMDUhIGQIDh2EN/t6hEHrv3FuSgt6fKNVAkn/799Q0o/m7t2nXbgU7+cRBZeuK/f1/3ZIpAOG6NX//9q2CES1q/3m2HpFZ2/9+/oQiuKKfCDCRZ0fV/3yFb6/BXBInX8PcCqmQmEm/G31oUF1/8v8OCCcxi1ev59y8KRdLxy9+/x/bt37dv3yVg6C9gQZFksN/1BRwrQOJmPRsDOpDyUckHAQsODKnBAQAtg3Z28KWF5gAAAABJRU5ErkJggg==
imageshandwritten5/56206.png,iVBORw0KGgoAAAANSUhEUgAAABwAAAAcCAAAAABXZoBIAAAA0UlEQVR4nGNgGMTAslWIUaIVDIJ4UaXMJr77+3f6Xyj4hCp56O/fOzf/vUuAAGMUOeWzf5dyMIT6YLOP5/jfxVy4HBPy9xgPLjm5d397cPqi9+9JTpySc//+6MwDAgbuvEgMSS2o9758/vv7aji6rERV1aJPnz59ed716eu/a5I4rZCa+vcKblmZc38n4JRkyMUjGfThbwkOKb4F7/9uZsMu5379798d+ihCtklQsOzD32dV7MhSm599hQbCv787q4RQjWLjlm2BgkpW3J6gFgAAtB1t4BDdh6wAAAAASUVORK5CYII=
imageshandwritten5/5925.png,iVBORw0KGgoAAAANSUhEUgAAABwAAAAcCAAAAABXZoBIAAAAs0lEQVR4nGNgGK5ARg9MOU5p6sSQ0/78zEY+es6Zf3//rseQnPfv37//QPz91To5dLncf9/XdABBgQoWGy/9e8SD0zmv/l3TxjAOChJA9j2TxyrHfvfv42vf/3ZhlQz6+5eHIfbnMaySZX/ngOx9hVXS1p+NgUH442Wc7mXofeuHIcYFCVP9o9+jMU08/GzOnDn3Xv3468+EIQkKz/9fX/35nobFpvJrjVbWCgxm2MJ0MAEAJRRN6owZVC0AAAAASUVORK5CYII=
imageshandwritten5/22382.png,iVBORw0KGgoAAAANSUhEUgAAABwAAAAcCAAAAABXZoBIAAAAz0lEQVR4nGNgGOyAUUBAIDqhaf20OlRxppiC8ILD/4Dg8725fWWokryf/v17cH5SgYGBHBYjl83NF8RlncavNNxuOftXF6dc/L/duDWu+/fy/PltSdLY5Cb++b2vrmnfvzsKWCTvP9UAUVn/TmKR1IV6buEHMdxWp/2LwS3p8S8fTURCAM4swJDMl4CxWM+9R/fMdRYYq+nfGnSL/ntCaKGt/y/xoEuuP6YOJFUK7/9bgyHHIHjsfn//sW//jjlh8wB75bp164vlmLDJURsAALc9SjZ1mzhnAAAAAElFTkSuQmCC
imageshandwritten5/17414.png,iVBORw0KGgoAAAANSUhEUgAAABwAAAAcCAAAAABXZoBIAAAA3klEQVR4nGNgGLyAQ1u7KCNzypSMAzXoUmINJ/8AwV8QcRlNzvMtUPzT8+cvdj9//jwLTbL+z58beVo4LARKCuF0jdPfv7idKvbnjwpOSfk/f0xxSqb++YPbWJZtfzYyMLhPO5QFBLrosg5///0Fgv9gwh5NUvs9MHCO1GTb20ee/ruKHU3Wrr4uCCLG+fePF6bFFakQevufOgy5khchEMYbLJL7/0IkA/6f4cSQnP2nAkSFfPobiWml9su76mJiDd/+zGDFlARFzd8/3xeFYJFiYBDt+vP3ZjRWKWoCAK3DaVWw8i+aAAAAAElFTkSuQmCC
imageshandwritten6/22803.png,iVBORw0KGgoAAAANSUhEUgAAABwAAAAcCAAAAABXZoBIAAAA3klEQVR4nGNgoAvw+y+OU45z7l/ckt1/cUs6vvq7jQ2HnMibv48McGn0+vu3Hpec88+/y+SY7709+HmuLLqc+8+/P8NKdvwFgVVocj6f//599/DvX2ySRu+h4n/3+ficQZP0gMg82+DKxMCwHU1yFVhutwWQyVP2CdXRhj+AUp+r2EHs4L9/TVEkVwLl9lqCma2/f9cxIsuxbv3796M1kMEl1/n7F1pIqAA1xjBIOy87AGQ8YMCUfLD9PthRdwqwSELAvVUyaHIMYneh3iwVQ5cCAtUVILlXhlikBhEAAGQ4jsoud6K8AAAAAElFTkSuQmCC
imageshandwritten6/31303.png,iVBORw0KGgoAAAANSUhEUgAAABwAAAAcCAAAAABXZoBIAAAA4klEQVR4nGNgoBew+/z/PC453Td//p7DIce75s+f60nY5YzX/flzSRSHxs9AOTGcbvl7Foc+J6BbTknikHv1589aHHJ2b4D24XBKFtAtK3i4Sya1l5iiy3G+/P/373ygg4Dg/3xBVMkJf/7+AYK/X86d+/H3z2NZFMkasORdVwsGBvt7f/7ookieB0m2QdzahSap8OTP301mLGC26Wc0yZ1//z6HsATLPv+/FYIsJ/fkz59X+iBQAWQdUUSxkffUH6hr/7zc3oTuTcc3EMnTCxzQpYDAtnPKnxWdndxYpAYPAADhS4T5Sm5hSgAAAABJRU5ErkJggg==
imageshandwritten6/2163.png,iVBORw0KGgoAAAANSUhEUgAAABwAAAAcCAAAAABXZoBIAAAAyUlEQVR4nGNgoBqQWPIvHZccV8+/f/24JHP//apmwSEX8+/fVlz6/H/+e6GAQ07xxr9f8bg0bvv3rxqXvsl///Xicoz/v3+HlHAZuv3fPztccuZv/63FJcfw8N8/MyBl0NJSLIoul/Tr32zF4mPHf/z79+86M6oc+6N/SMAbVZILLHi1w0xh+rnr/xZhSl4MZQezE7FIftcHs1im/MBm7I9Z06dPX/r13+ciNAcxNfwB2/r/36dFqpj+tO179O/z/AX56lhDYQgAAFksbb0tlu2iAAAAAElFTkSuQmCC
imageshandwritten6/25499.png,iVBORw0KGgoAAAANSUhEUgAAABwAAAAcCAAAAABXZoBIAAAAwklEQVR4nGNgoDVQe/g3GZecxr0/f2bjklz5B7ek5EOgpDcOSSeg3H4uHJJzgZI+OOREXgElDUAsw9CcDaECqFYC5f4su3nz5q23IFYcpiQI/AWTy/FJ/lBCkfwLBf8h1BwsOj8V5ubk7PmKFhwQyfXmIDb7fqySKmB2I3pAQiQdQEzOvUBWPbIk2wSQ5NNeT8/Qk0DGE0lUvzxA9oobWgBmPoRLPq1iR5Nk0HsMlXxugi4FconJRqDkx2ZDLHKDAwAADeOyjIABSFMAAAAASUVORK5CYII=
imageshandwritten6/1503.png,iVBORw0KGgoAAAANSUhEUgAAABwAAAAcCAAAAABXZoBIAAAAxUlEQVR4nGNgoB5gvv1fApeczoa/J7hxyJls+vt3Ig450+d//9bx4pA88PdzBR8OOY3nf9fgcgzXnL84Jblm/8UtqX703d+LXriM1Xr91xyXHN+qvzgleVf9fT2RB4dkyN+/0xlSzp5N5sKU83r/dwkPw3Ggg1sx5Dw//N2rL17/FSg5C11O7NPfN4bux/6CQBa6pO/fv/MYtoDlypjRJaf+/fvpzQ+g1K1eUQwrp/6FgNuxWPzBHNTYOPPv/QQWHP4cAgAAXgBjmkoiaaQAAAAASUVORK5CYII=
imageshandwritten7/31527.png,iVBORw0KGgoAAAANSUhEUgAAABwAAAAcCAAAAABXZoBIAAAAsUlEQVR4nGNgGIog/YcObslZ/65K45R0/f/vmwErMzevb92WeexokoL/gODC0c9A8uc/IwzJpxnTpnV0+Ds7x/xbiCF5Eca0/7cdTZL/+1OE5CR0F2mc0IOyev6lYLj3QBKU8QyL5EIHCC376Z88hiQMTPjXw4xLjvvFJ0GcGtf+a8Apx/P0nyROue3/cEuu/YdHcte//1OYcEle/VfKj0su/u8MRlxyvPf/qeOSIw0AAJ0kRnVXQ6GJAAAAAElFTkSuQmCC
imageshandwritten7/35920.png,iVBORw0KGgoAAAANSUhEUgAAABwAAAAcCAAAAABXZoBIAAAAuUlEQVR4nGNgGG5AtilzypRbF//9nTOlCV2u+cWfv3+AAERMRpd88QePZNPevfv2Hvrz58ZbLJJgwKKlJaTwBockGLz8q4Vb8sWfMJxy2p/+aInVe2KREVBlKPjzp2v7n7NYJB1eX/kE9k8QNsm///8Cwf+/otgkwYFw8+9MViySbKIZf/4k8YhikwOCoj/f7XH6ZMqf3TjlGP7/3YNb8taf57glT/757YtT8sSfu7gdpL1WFrexaAAA0EFmpXN0XCoAAAAASUVORK5CYII=
imageshandwritten7/50371.png,iVBORw0KGgoAAAANSUhEUgAAABwAAAAcCAAAAABXZoBIAAAA7ElEQVR4nGNgGMJAtnb/5X///q3DlEm69+PnXzD4boMuF//k78OHa/uqeXiS/r5Gk5r+6+8qnSA2ENvr7y8HZDnNd3//3k+GchT/fkeRewiU04XxnP8eR5acBXRFLZw37e9jJLnO33//drJDOdzzX//MQJLc+vfvQ3EYRxHVK4pA71XBODpz/54xR9KoAJSMhXHS//49ieLJH6cnQ23k9nn29245iqQPC5wFdPYSBqyA2+3Z3+/XgrBLBgP1HcUuxenw/O/fHz7YJf2B+iaGYpdjjfj796o8djkG9ad//zTikGNg6P1biVOORAAApSBwvLoC/WkAAAAASUVORK5CYII=
imageshandwritten7/11528.png,iVBORw0KGgoAAAANSUhEUgAAABwAAAAcCAAAAABXZoBIAAAAz0lEQVR4nGNgGGaAn0+Jh5+JF8ZlMn2YB5drvHjuz6mLm9fD+Bp//vyBS/79AwYXIDyxzmd//lyES7Y/211ZOe/j70+ftlo4tZwDqjslgmaxVva1JxAzfm0Sx3SXoHx683Gg5Gkc7la4++fPam4ckq1//tyPwCFn/fLPN1sccgzv//wJxyW39v/fo6w45II//33thENO9eOfv/045Bjn/flzhRmHZMgfPK658OfPMlxygb///NHCJTn7z9d6Xhxy3u+uJ+LSJ/JxmRQuOewAAIi1YkYGZ7SNAAAAAElFTkSuQmCC
imageshandwritten7/40807.png,iVBORw0KGgoAAAANSUhEUgAAABwAAAAcCAAAAABXZoBIAAAAwklEQVR4nGNgGJbAoapy/6t///7/32CJLByd0/7x48fv//5CwQa4jO7dJz8hYmDJHeuABFzyFVji8t9za/PVgYBbE1ny9t+DuwJNJU3FoHwUSQUndhR3uf79OwuXm1Wf/P2dikvS5e/fR7jkNB79/UOWRvXH/14b4pIM/Pv3Ki650Ot/dzjgkIv++feFLg45hZt/Xzhjl2I2u/P37wTscqwmf///Xc6LXa7q79//q7mwawTFxUY2HI7R/PutAocUdgAAah5vpKTC1iIAAAAASUVORK5CYII=
imageshandwritten8/35145.png,iVBORw0KGgoAAAANSUhEUgAAABwAAAAcCAAAAABXZoBIAAAA90lEQVR4nGNgGMSAN2bZ35m9vRkCWOR0D/398+cPEF+XwpATvg6S+PNl958/hehyUs///GmQkZGRVHjy5yq6pOzfvz0gWmDZ34/G6JIZf/44ggxo+POnGMNKoOTp0NDQ+X//JLNhSMpCXArEFlh8InXi4f+/f//+/3sDmz8ZpP7+eXnkyZ8/6VjknC/9fWnHYPrnTzcWfff+PBED240pqfkX4j+Yf1H03fhzwRrqagyd0/6+VAUzSrFIPvw7EUwbf/xzTQZd8tEjMJX/8f93Iwz3TPsSZ6ngtvLVn1eOmB4pBAbdEyC+hqkPmETSQeG6MZ0fixy1AQAn0oRCnFP+jQAAAABJRU5ErkJggg==
imageshandwritten8/35561.png,iVBORw0KGgoAAAANSUhEUgAAABwAAAAcCAAAAABXZoBIAAAA20lEQVR4nNXQIRSCMBAG4MtaoWpeNmu0S7VTfVSMmKmaJQpVK+RVoFqdVeP+w2ETL9m8svf2vf92N6L/rm2RUFDNvu79VGv9QJ09UA5o3DCeOjuGV0Y3xMKijt25OMNi82mKkXl97wKM0PvEAKe3aVizHDSdGl731oLNZZCjUYJaqdDlyrWwYIX7gc0zDgSj5OamvK0kIpoZxn0iG1XWJXPZVIss5dyXzE/dngp2LuEO2qOAjZKaop6Tf8ZefLFriCKw9AF9krbG5iMJF10TQR/lRbzEVqdYth/qBYeJdYjUTlSwAAAAAElFTkSuQmCC
imageshandwritten8/28887.png,iVBORw0KGgoAAAANSUhEUgAAABwAAAAcCAAAAABXZoBIAAABBElEQVR4nGNgGBTgzfdsLKIyijk5Er7NX/5eYUWX4lBb9PXvvxd/QSAITZfC+r9/z1389/fXCaCkBqqkG9elv3ddcyKEhNhO/n3Ljmaq0IO/dwWBNE/Pzy9xGM5xefJ3sxkDQ+rfvxdlMB2b8fvvFoai33/PiGHzYMzmvzd//n3liE2OgcHh77+/G7DqA4LCf///fcEqw+y2+ydQ5x9vbJK2QM//jJ719zofplz8W2AImQJ98pAHU/Lg37+fPBgYBC//nYsh1/Xz711giLLO+/s3Hl2O/QnQxujQimN//z7WQJd0+gsB/84Ue2KYKnzwN1jy3glZbD4pPHFr0fxaQ2xSdAUAk3KEAWGBJEwAAAAASUVORK5CYII=
imageshandwritten8/40466.png,iVBORw0KGgoAAAANSUhEUgAAABwAAAAcCAAAAABXZoBIAAAAtElEQVR4nGNgoAfQev2vgRW7FH/Lhb9//wpiSrBxeR478/cvNklmn3V/YQBDsgQifqKgYOVcDjS53M9gueuyDAzC/Ghy4mtAUg9WSGBz5SaQ3EcX7F74B5L0xC7H8B8kWR0fzwfmCcUDAcKGdqgn1qYCOTkbQUxHuCR73Q2I7OdHjx59AbNeIhnMtuUvKliPbK1kSAKSVGSIGKqrmAT1HsEkt2O4Wf0IXOcRDMnQv/SXHBwAAEC3vmWVuyeXAAAAAElFTkSuQmCC
imageshandwritten8/57901.png,iVBORw0KGgoAAAANSUhEUgAAABwAAAAcCAAAAABXZoBIAAAA4ElEQVR4nGNgGLzA6/y/zWY45Ny//QWCR9tCGTHl5F78e7W1vj5nz19DTMmlf+dzgmiV7wWYkiv/ukMYR9dhSq76VwVhHDuEKRn0ewmYtsBmLMORL55A0vXCBz0skjK3fu5c+eTf381YXMvAIH8M6M/tj/7+uGyDKSl8+183D4NEdNn9zyIYkg1/S5nADIF/8RiS7x7xQln/VmBIIoSwSTbikfx/Asqw/+eMITnhTyo4tpjOXWHGkBR78DcFSPFu+GuMIQeMrRt/TjStPP/IEoscAwNX5P5/TycLYZWjIgAApS1akQVf9Q0AAAAASUVORK5CYII=
imageshandwritten9/35715.png,iVBORw0KGgoAAAANSUhEUgAAABwAAAAcCAAAAABXZoBIAAAAqElEQVR4nGNgGJZAddq//2k45NKf//3772cYVjnuh3//fnjy9wxWyYKXk8yUBRa+UMUmufivCpA0//vDBItk6P3DWgwMgf/+dWDTWvf36+k3X//+nYNNkqP+xd9/f//+LcXqJAa5CeFmD/96YJcEApFnH0RxSpr/e41TDugVvJJ7cUvG/Z2AW3IiXsl/ZjjlBF5+UMYp6fn3LgceyRu4rdT/Ph23JCoAAKYhREtJsFaAAAAAAElFTkSuQmCC
imageshandwritten9/2370.png,iVBORw0KGgoAAAANSUhEUgAAABwAAAAcCAAAAABXZoBIAAAAwklEQVR4nGNgGK7AqP7Lv/+n/LFJcS75/nx5iMWktzyYcixn/naLAmmD94IYcrzH/qWAGV2vMeSkd76zYQYxIv40Ykg2/6kC0zznL3Ciy5n9OA2mUi7+C8TQ6POvh4GBvf7Gi39bGTEkNb7el+25e9Sz428kpj8Ymv79+7dIkGH5OixyDAza8SwMDFpfpmGVBINpP6xwyrG86sOtsfp/HE45tpMneHFK+v2Lx23qzX8yeCQX4ZZjuBmFR7KgFo8kGgAAvOM/f+YRZ94AAAAASUVORK5CYII=
imageshandwritten9/11280.png,iVBORw0KGgoAAAANSUhEUgAAABwAAAAcCAAAAABXZoBIAAAAq0lEQVR4nGNgGLKAJ2hnay52KdG2n//+/n2phUWKu/3D3zdXcj78jcJi4tK/r+N1GBjm/j2ITe6lHYiBTdLw718fEM2+E4tk9t+/BiDa8S92nTv4GBgs32GTlLkH9MSzZ5///v0bjOlaji6g+F8Q4YEpCQFsB/4/T8MlySCJzU4YEP3w9yQnTtm5f//akC05A6ekzd+/W3BKqhKQ/K6DS1L46t+/i3FqJRoAALOZWusu4f6+AAAAAElFTkSuQmCC
imageshandwritten9/23128.png,iVBORw0KGgoAAAANSUhEUgAAABwAAAAcCAAAAABXZoBIAAAAs0lEQVR4nGNgGKqA1frTYTcccuzz/vz588MLu2QUUO7P3882WCUP/vlz4czfPwnY5HRe//kjzuB3FKuk7Z8/m9gYGNjEcUjOBlKcoa5YJDlP/nl/c376nT9fc7DI9oJdC8QHsEiyTIVIPtXG6hn9yh3///45jFWOgYF7/98/Z3DIMWz/8/d5EA45xy9/7qng1vgnBpccUONNXHIMoX/+NOOTlMEpafh2JjtOSYb5WGOEHAAASu9VbsdRvjgAAAAASUVORK5CYII=
imageshandwritten9/5745.png,iVBORw0KGgoAAAANSUhEUgAAABwAAAAcCAAAAABXZoBIAAAAzElEQVR4nGNgGLKAOe//ymVTuLHKqez/++/v379TsclF3vv7wiBt1d8vMZhyHFf+vnRnYAj4+/eYNYak+OsvPgwMJmuABgdjSEb9XcQgueUtUO6HLobk5r8PS9/+uweUXIlp59KfQHGQa89YYHFt7aItc4CSj92weQUI5P/9PSmIQ46h/P+/ZlxyVj/+vfTHIce66u+/fFwaJ/z928aIQ055zd97PDjkPB79/ZOEQ07t6d/fDTjkuO7ilmNo//N3jSguSYbbl2xxypEOALvIYFO092BmAAAAAElFTkSuQmCC
